iter	RMSE
0	0.3033849346
1	0.2987740394
2	0.2945788627
3	0.2909617806
4	0.2878863334
5	0.2851336478
6	0.2827053189
7	0.2807139949
8	0.2789298126
9	0.2774231117
10	0.2760180521
11	0.2748635554
